{"o":{"0.001953125":0.25,"0.033203125":0,"0.03125":0.245,"0.03515625":1,"0.25":0.429696,"0.265625":0.3648,"0.2734375":0.24,"0.275390625":0,"0.00390625":0.235,"0.005859375":0.9600000000000002,"0.015625":0.22999999999999998,"0.078125":0.08999999999999986,"0.125":0.41681250000000003,"0.1875":0.34875,"0.1953125":0.22499999999999998,"0.19921875":0,"0.140625":0.34319999999999995,"0.14453125":0.21999999999999997,"0.15234375":0,"0.017578125":1,"0.0625":0.20999999999999996,"0.09375":0,"0.0078125":0.19999999999999996,"0.009765625":0,"0.197265625":0,"0.0390625":1,"0.203125":0.17499999999999993,"0.20703125":0,"0.146484375":1,"0.28125":0.6572160000000001,"0.296875":0.7312000000000001,"0.3046875":0.8400000000000001,"0.306640625":1,"0.375":0.2619499999999999,"0.40625":0.15499999999999992,"0.408203125":0,"0.15625":0.2549999999999999,"0.16015625":0.1499999999999999,"0.162109375":0,"0.0703125":0.02499999999999985,"0.3828125":0,"0.01953125":0,"0.267578125":0.11999999999999988,"0.064453125":1,"0.189453125":0.9050000000000001,"0.205078125":1,"0.08203125":0,"0.046875":1,"0.25390625":0.05999999999999984,"0.26171875":0,"0.01171875":0,"0.1640625":1,"0.013671875":1,"0.1328125":0.9324500000000003,"0.134765625":0.9650000000000002,"0.150390625":1,"0.5":0.9152920000000004,"0.5625":0.9418000000000003,"0.59375":0.9700000000000002,"0.595703125":1,"0.1015625":0,"0.0234375":0,"0.255859375":0,"0.126953125":1,"0.166015625":1,"0.080078125":0,"0.06640625":0,"0.251953125":0,"0.158203125":1,"0.171875":1,"0.271484375":0,"0.12890625":1,"0.13671875":1,"0.16796875":1,"0.28515625":1,"0.1796875":1,"0.142578125":1,"0.05078125":0,"0.072265625":0,"0.283203125":0,"0.02734375":0,"0.26953125":0,"0.37890625":0,"0.2578125":0,"0.130859375":0,"0.19140625":1,"0.193359375":1,"0.17578125":0,"0.07421875":0,"0.75":1,"0.7578125":1,"0.7734375":1,"0.775390625":1,"0.3125":0,"0.328125":0,"0.33203125":0,"0.138671875":1,"0.208984375":1,"0.259765625":0,"0.376953125":0,"0.1484375":1,"0.025390625":0,"0.27734375":0,"0.021484375":0,"0.0546875":0,"0.2890625":1,"0.291015625":1,"0.294921875":1,"0.2109375":0,"0.048828125":0,"0.29296875":1,"0.109375":1,"0.384765625":0,"0.095703125":0,"0.6875":0,"0.8203125":1,"0.77734375":1,"0.8984375":1},"x":{"0.5":0.625,"0.75":0.75,"0.875":1,"0.625":0.570304,"0.6875":0.6352,"0.71875":0.76,"0.72265625":1,"0.78125":0.65125,"0.796875":0.775,"0.798828125":1,"0.84375":0.78,"0.845703125":1,"0.80078125":1,"0.7890625":0.8250000000000001,"0.791015625":1,"0.69140625":0,"0.5625":0.7380500000000001,"0.578125":0.8450000000000001,"0.5859375":1,"0.8125":0.7450000000000001,"0.828125":0.8500000000000001,"0.8359375":1,"0.609375":1,"0.25":0.05819999999999972,"0.375":0.02999999999999985,"0.390625":0,"0.8203125":1,"0.7265625":1,"0.8046875":1,"0.125":0.40244399999999997,"0.1875":0,"0.21875":0.20999999999999996,"0.22265625":0,"0.65625":1,"0.6640625":1,"0.720703125":1,"0.703125":0,"0.78515625":1,"0.6953125":1,"0.03125":0.625,"0.0390625":0.75,"0.1640625":1,"0.28125":0.63005,"0.2890625":0.755,"0.29296875":1,"0.015625":0.6352,"0.046875":0.76,"0.109375":1,"0.00390625":0.539452405,"0.005859375":0.5744385,"0.037109375":0.64045,"0.099609375":0.765,"0.224609375":1,"0.03515625":0.6458,"0.09765625":0.77,"0.11328125":1,"0.140625":0.34875,"0.171875":0.22499999999999998,"0.17578125":0,"0.001953125":0.41219199999999995,"0.033203125":0.34319999999999995,"0.095703125":0.21999999999999997,"0.220703125":0,"0.15625":0.3318}}